<?xml version="1.0" encoding="UTF-8"?>
<beans xmlns="http://www.springframework.org/schema/beans" 
	xmlns:xsi="http://www.w3.org/2001/XMLSchema-instance"
	xmlns:beans="http://www.springframework.org/schema/beans" 
	xmlns:context="http://www.springframework.org/schema/context" 
	xmlns:jdbc="http://www.springframework.org/schema/jdbc"  
	xmlns:jee="http://www.springframework.org/schema/jee" 
	xmlns:jms="http://www.springframework.org/schema/jms"
	xmlns:lang="http://www.springframework.org/schema/lang"
	xmlns:mvc="http://www.springframework.org/schema/mvc"
	xmlns:tx="http://www.springframework.org/schema/tx"
	
	xmlns:util="http://www.springframework.org/schema/util"  
	xsi:schemaLocation="
		http://www.springframework.org/schema/beans http://www.springframework.org/schema/beans/spring-beans-3.2.xsd
		http://www.springframework.org/schema/context http://www.springframework.org/schema/context/spring-context-3.2.xsd
		http://www.springframework.org/schema/jdbc http://www.springframework.org/schema/jdbc/spring-jdbc-3.2.xsd
		http://www.springframework.org/schema/jee http://www.springframework.org/schema/jee/spring-jee-3.2.xsd
		http://www.springframework.org/schema/jms http://www.springframework.org/schema/jms/spring-jms-3.2.xsd
		http://www.springframework.org/schema/lang http://www.springframework.org/schema/lang/spring-lang-3.2.xsd
		http://www.springframework.org/schema/mvc http://www.springframework.org/schema/mvc/spring-mvc-3.2.xsd
		http://www.springframework.org/schema/tx http://www.springframework.org/schema/tx/spring-tx-3.2.xsd
		http://www.springframework.org/schema/util http://www.springframework.org/schema/util/spring-util-3.2.xsd
		">
	<!-- 配置数据库连接参数及连接池 -->
	<bean id="dbcp" class="org.apache.commons.dbcp.BasicDataSource">
		<property name="username" value="root"/>
		<property name="password" value="root"/>
		<property name="driverClassName" value="com.mysql.jdbc.Driver"/>
		<property name="url" value="jdbc:mysql://localhost:3306/cloud_note"/>
	</bean>
	<!-- 配置SqlSessionFactory -->
	<bean id="ssf" class="org.mybatis.spring.SqlSessionFactoryBean">
		<property name="dataSource" ref="dbcp"/>
		<property name="mapperLocations" value="classpath:mapper/*.xml"/>
	</bean>
	
	<!-- 配置mapper扫描 -->
	<bean id="mapperScanner" class="org.mybatis.spring.mapper.MapperScannerConfigurer">
		<property name="basePackage" value="com.lcz.cloud_note.dao"/>
	</bean>
</beans>








